Date,Contract,SettlePrice,Source
2026-03-02,BRN Oct26,79.99,dummy
2026-03-03,BRN Oct26,78.55,dummy
2026-03-04,BRN Oct26,79.59,dummy
2026-03-05,BRN Oct26,80.87,dummy
2026-03-06,BRN Oct26,78.04,dummy
2026-03-09,BRN Oct26,76.26,dummy
2026-03-10,BRN Oct26,76.4,dummy
2026-03-11,BRN Oct26,75.99,dummy
2026-03-12,BRN Oct26,75.96,dummy
2026-03-13,BRN Oct26,74.92,dummy
2026-03-16,BRN Oct26,76.06,dummy
2026-03-17,BRN Oct26,77.03,dummy
2026-03-18,BRN Oct26,77.13,dummy
2026-03-19,BRN Oct26,78.68,dummy
2026-03-20,BRN Oct26,79.4,dummy
2026-03-23,BRN Oct26,78.24,dummy
2026-03-24,BRN Oct26,78.75,dummy
2026-03-25,BRN Oct26,77.49,dummy
2026-03-26,BRN Oct26,78.6,dummy
2026-03-27,BRN Oct26,78.47,dummy
2026-03-30,BRN Oct26,78.14,dummy
2026-03-31,BRN Oct26,77.17,dummy
2026-04-01,BRN Oct26,78.76,dummy
2026-04-02,BRN Oct26,78.58,dummy
2026-04-03,BRN Oct26,77.97,dummy
2026-04-06,BRN Oct26,77.39,dummy
2026-04-07,BRN Oct26,78.07,dummy
2026-04-08,BRN Oct26,78.6,dummy
2026-04-09,BRN Oct26,79.23,dummy
2026-04-10,BRN Oct26,79.95,dummy
2026-04-13,BRN Oct26,83.18,dummy
2026-04-14,BRN Oct26,82.58,dummy
2026-04-15,BRN Oct26,81.75,dummy
2026-04-16,BRN Oct26,80.43,dummy
2026-04-17,BRN Oct26,81.31,dummy
2026-04-20,BRN Oct26,82.88,dummy
2026-04-21,BRN Oct26,82.68,dummy
2026-04-22,BRN Oct26,81.42,dummy
2026-04-23,BRN Oct26,80.24,dummy
2026-04-24,BRN Oct26,81.22,dummy
2026-04-27,BRN Oct26,82.29,dummy
2026-04-28,BRN Oct26,83.06,dummy
2026-04-29,BRN Oct26,82.02,dummy
2026-04-30,BRN Oct26,82.25,dummy
2026-05-01,BRN Oct26,82.4,dummy
2026-05-04,BRN Oct26,82.72,dummy
2026-05-05,BRN Oct26,84.11,dummy
2026-05-06,BRN Oct26,84.44,dummy
2026-05-07,BRN Oct26,85.51,dummy
2026-05-08,BRN Oct26,85.57,dummy
2026-05-11,BRN Oct26,85.92,dummy
2026-05-12,BRN Oct26,86.82,dummy
2026-05-13,BRN Oct26,84.57,dummy
2026-05-14,BRN Oct26,84.22,dummy
2026-05-15,BRN Oct26,83.46,dummy
2026-05-18,BRN Oct26,82.57,dummy
2026-05-19,BRN Oct26,82.11,dummy
2026-05-20,BRN Oct26,84.35,dummy
2026-05-21,BRN Oct26,83.08,dummy
2026-05-22,BRN Oct26,84.49,dummy
2026-05-25,BRN Oct26,82.0,dummy
2026-05-26,BRN Oct26,81.46,dummy
2026-05-27,BRN Oct26,81.71,dummy
2026-05-28,BRN Oct26,82.52,dummy
2026-05-29,BRN Oct26,83.48,dummy
2026-06-01,BRN Oct26,84.58,dummy
2026-06-02,BRN Oct26,84.07,dummy
2026-06-03,BRN Oct26,83.48,dummy
2026-06-04,BRN Oct26,84.76,dummy
2026-06-05,BRN Oct26,84.45,dummy
2026-06-08,BRN Oct26,82.58,dummy
2026-06-09,BRN Oct26,81.01,dummy
2026-06-10,BRN Oct26,79.7,dummy
2026-06-11,BRN Oct26,80.36,dummy
2026-06-12,BRN Oct26,80.61,dummy
2026-06-15,BRN Oct26,81.6,dummy
2026-06-16,BRN Oct26,81.05,dummy
2026-06-17,BRN Oct26,81.26,dummy
2026-06-18,BRN Oct26,82.05,dummy
2026-06-19,BRN Oct26,81.5,dummy
2026-06-22,BRN Oct26,82.25,dummy
2026-06-23,BRN Oct26,81.37,dummy
2026-06-24,BRN Oct26,80.81,dummy
2026-06-25,BRN Oct26,80.22,dummy
2026-06-26,BRN Oct26,78.61,dummy
2026-06-29,BRN Oct26,79.19,dummy
2026-06-30,BRN Oct26,78.46,dummy
2026-07-01,BRN Oct26,78.49,dummy
2026-07-02,BRN Oct26,79.12,dummy
2026-07-03,BRN Oct26,79.72,dummy
2026-07-06,BRN Oct26,80.64,dummy
2026-07-07,BRN Oct26,80.5,dummy
2026-07-08,BRN Oct26,79.97,dummy
2026-07-09,BRN Oct26,79.84,dummy
2026-07-10,BRN Oct26,77.52,dummy
2026-07-13,BRN Oct26,75.42,dummy
2026-07-14,BRN Oct26,73.66,dummy
2026-07-15,BRN Oct26,72.32,dummy
2026-07-16,BRN Oct26,72.75,dummy
2026-07-17,BRN Oct26,71.54,dummy
2026-07-20,BRN Oct26,71.05,dummy
2026-07-21,BRN Oct26,72.76,dummy
2026-07-22,BRN Oct26,72.22,dummy
2026-07-23,BRN Oct26,73.17,dummy
2026-07-24,BRN Oct26,71.95,dummy
2026-07-27,BRN Oct26,71.67,dummy
2026-07-28,BRN Oct26,70.55,dummy
2026-07-29,BRN Oct26,70.16,dummy
2026-07-30,BRN Oct26,71.28,dummy
2026-07-31,BRN Oct26,69.12,dummy
2026-03-02,BRN Nov26,79.54,dummy
2026-03-03,BRN Nov26,78.03,dummy
2026-03-04,BRN Nov26,79.05,dummy
2026-03-05,BRN Nov26,80.39,dummy
2026-03-06,BRN Nov26,77.66,dummy
2026-03-09,BRN Nov26,75.81,dummy
2026-03-10,BRN Nov26,75.98,dummy
2026-03-11,BRN Nov26,75.57,dummy
2026-03-12,BRN Nov26,75.69,dummy
2026-03-13,BRN Nov26,74.64,dummy
2026-03-16,BRN Nov26,75.73,dummy
2026-03-17,BRN Nov26,76.74,dummy
2026-03-18,BRN Nov26,76.72,dummy
2026-03-19,BRN Nov26,78.22,dummy
2026-03-20,BRN Nov26,78.88,dummy
2026-03-23,BRN Nov26,77.74,dummy
2026-03-24,BRN Nov26,78.19,dummy
2026-03-25,BRN Nov26,76.82,dummy
2026-03-26,BRN Nov26,77.89,dummy
2026-03-27,BRN Nov26,77.81,dummy
2026-03-30,BRN Nov26,77.5,dummy
2026-03-31,BRN Nov26,76.54,dummy
2026-04-01,BRN Nov26,78.18,dummy
2026-04-02,BRN Nov26,77.97,dummy
2026-04-03,BRN Nov26,77.28,dummy
2026-04-06,BRN Nov26,76.73,dummy
2026-04-07,BRN Nov26,77.61,dummy
2026-04-08,BRN Nov26,78.05,dummy
2026-04-09,BRN Nov26,78.57,dummy
2026-04-10,BRN Nov26,79.3,dummy
2026-04-13,BRN Nov26,82.56,dummy
2026-04-14,BRN Nov26,81.88,dummy
2026-04-15,BRN Nov26,81.11,dummy
2026-04-16,BRN Nov26,79.96,dummy
2026-04-17,BRN Nov26,80.93,dummy
2026-04-20,BRN Nov26,82.48,dummy
2026-04-21,BRN Nov26,82.29,dummy
2026-04-22,BRN Nov26,81.11,dummy
2026-04-23,BRN Nov26,79.94,dummy
2026-04-24,BRN Nov26,80.83,dummy
2026-04-27,BRN Nov26,81.87,dummy
2026-04-28,BRN Nov26,82.57,dummy
2026-04-29,BRN Nov26,81.58,dummy
2026-04-30,BRN Nov26,81.89,dummy
2026-05-01,BRN Nov26,82.07,dummy
2026-05-04,BRN Nov26,82.35,dummy
2026-05-05,BRN Nov26,83.66,dummy
2026-05-06,BRN Nov26,84.04,dummy
2026-05-07,BRN Nov26,85.05,dummy
2026-05-08,BRN Nov26,85.16,dummy
2026-05-11,BRN Nov26,85.58,dummy
2026-05-12,BRN Nov26,86.53,dummy
2026-05-13,BRN Nov26,84.26,dummy
2026-05-14,BRN Nov26,83.79,dummy
2026-05-15,BRN Nov26,83.08,dummy
2026-05-18,BRN Nov26,82.25,dummy
2026-05-19,BRN Nov26,81.92,dummy
2026-05-20,BRN Nov26,84.11,dummy
2026-05-21,BRN Nov26,82.75,dummy
2026-05-22,BRN Nov26,84.09,dummy
2026-05-25,BRN Nov26,81.67,dummy
2026-05-26,BRN Nov26,81.17,dummy
2026-05-27,BRN Nov26,81.41,dummy
2026-05-28,BRN Nov26,82.13,dummy
2026-05-29,BRN Nov26,83.21,dummy
2026-06-01,BRN Nov26,84.39,dummy
2026-06-02,BRN Nov26,83.78,dummy
2026-06-03,BRN Nov26,83.06,dummy
2026-06-04,BRN Nov26,84.33,dummy
2026-06-05,BRN Nov26,84.04,dummy
2026-06-08,BRN Nov26,82.13,dummy
2026-06-09,BRN Nov26,80.47,dummy
2026-06-10,BRN Nov26,79.15,dummy
2026-06-11,BRN Nov26,79.85,dummy
2026-06-12,BRN Nov26,80.13,dummy
2026-06-15,BRN Nov26,80.94,dummy
2026-06-16,BRN Nov26,80.31,dummy
2026-06-17,BRN Nov26,80.54,dummy
2026-06-18,BRN Nov26,81.45,dummy
2026-06-19,BRN Nov26,80.98,dummy
2026-06-22,BRN Nov26,81.52,dummy
2026-06-23,BRN Nov26,80.59,dummy
2026-06-24,BRN Nov26,80.18,dummy
2026-06-25,BRN Nov26,79.54,dummy
2026-06-26,BRN Nov26,77.91,dummy
2026-06-29,BRN Nov26,78.56,dummy
2026-06-30,BRN Nov26,77.9,dummy
2026-07-01,BRN Nov26,77.85,dummy
2026-07-02,BRN Nov26,78.49,dummy
2026-07-03,BRN Nov26,79.2,dummy
2026-07-06,BRN Nov26,80.16,dummy
2026-07-07,BRN Nov26,80.11,dummy
2026-07-08,BRN Nov26,79.56,dummy
2026-07-09,BRN Nov26,79.45,dummy
2026-07-10,BRN Nov26,77.18,dummy
2026-07-13,BRN Nov26,75.22,dummy
2026-07-14,BRN Nov26,73.5,dummy
2026-07-15,BRN Nov26,72.15,dummy
2026-07-16,BRN Nov26,72.63,dummy
2026-07-17,BRN Nov26,71.4,dummy
2026-07-20,BRN Nov26,70.96,dummy
2026-07-21,BRN Nov26,72.51,dummy
2026-07-22,BRN Nov26,72.08,dummy
2026-07-23,BRN Nov26,72.99,dummy
2026-07-24,BRN Nov26,71.84,dummy
2026-07-27,BRN Nov26,71.59,dummy
2026-07-28,BRN Nov26,70.48,dummy
2026-07-29,BRN Nov26,70.06,dummy
2026-07-30,BRN Nov26,70.97,dummy
2026-07-31,BRN Nov26,68.8,dummy
2026-03-02,BRN Dec26,79.14,dummy
2026-03-03,BRN Dec26,77.6,dummy
2026-03-04,BRN Dec26,78.61,dummy
2026-03-05,BRN Dec26,80.03,dummy
2026-03-06,BRN Dec26,77.32,dummy
2026-03-09,BRN Dec26,75.49,dummy
2026-03-10,BRN Dec26,75.59,dummy
2026-03-11,BRN Dec26,75.16,dummy
2026-03-12,BRN Dec26,75.06,dummy
2026-03-13,BRN Dec26,73.88,dummy
2026-03-16,BRN Dec26,75.07,dummy
2026-03-17,BRN Dec26,76.19,dummy
2026-03-18,BRN Dec26,76.31,dummy
2026-03-19,BRN Dec26,77.71,dummy
2026-03-20,BRN Dec26,78.38,dummy
2026-03-23,BRN Dec26,77.19,dummy
2026-03-24,BRN Dec26,77.72,dummy
2026-03-25,BRN Dec26,76.49,dummy
2026-03-26,BRN Dec26,77.56,dummy
2026-03-27,BRN Dec26,77.45,dummy
2026-03-30,BRN Dec26,77.23,dummy
2026-03-31,BRN Dec26,76.2,dummy
2026-04-01,BRN Dec26,77.97,dummy
2026-04-02,BRN Dec26,77.77,dummy
2026-04-03,BRN Dec26,77.22,dummy
2026-04-06,BRN Dec26,76.69,dummy
2026-04-07,BRN Dec26,77.45,dummy
2026-04-08,BRN Dec26,78.01,dummy
2026-04-09,BRN Dec26,78.57,dummy
2026-04-10,BRN Dec26,79.17,dummy
2026-04-13,BRN Dec26,82.24,dummy
2026-04-14,BRN Dec26,81.57,dummy
2026-04-15,BRN Dec26,80.8,dummy
2026-04-16,BRN Dec26,79.61,dummy
2026-04-17,BRN Dec26,80.5,dummy
2026-04-20,BRN Dec26,82.18,dummy
2026-04-21,BRN Dec26,81.92,dummy
2026-04-22,BRN Dec26,80.68,dummy
2026-04-23,BRN Dec26,79.58,dummy
2026-04-24,BRN Dec26,80.44,dummy
2026-04-27,BRN Dec26,81.45,dummy
2026-04-28,BRN Dec26,82.24,dummy
2026-04-29,BRN Dec26,81.31,dummy
2026-04-30,BRN Dec26,81.62,dummy
2026-05-01,BRN Dec26,81.86,dummy
2026-05-04,BRN Dec26,82.2,dummy
2026-05-05,BRN Dec26,83.51,dummy
2026-05-06,BRN Dec26,83.84,dummy
2026-05-07,BRN Dec26,84.96,dummy
2026-05-08,BRN Dec26,85.0,dummy
2026-05-11,BRN Dec26,85.28,dummy
2026-05-12,BRN Dec26,86.31,dummy
2026-05-13,BRN Dec26,84.04,dummy
2026-05-14,BRN Dec26,83.54,dummy
2026-05-15,BRN Dec26,82.9,dummy
2026-05-18,BRN Dec26,81.83,dummy
2026-05-19,BRN Dec26,81.33,dummy
2026-05-20,BRN Dec26,83.42,dummy
2026-05-21,BRN Dec26,82.08,dummy
2026-05-22,BRN Dec26,83.54,dummy
2026-05-25,BRN Dec26,81.1,dummy
2026-05-26,BRN Dec26,80.62,dummy
2026-05-27,BRN Dec26,80.76,dummy
2026-05-28,BRN Dec26,81.47,dummy
2026-05-29,BRN Dec26,82.52,dummy
2026-06-01,BRN Dec26,83.68,dummy
2026-06-02,BRN Dec26,83.2,dummy
2026-06-03,BRN Dec26,82.56,dummy
2026-06-04,BRN Dec26,83.84,dummy
2026-06-05,BRN Dec26,83.59,dummy
2026-06-08,BRN Dec26,81.72,dummy
2026-06-09,BRN Dec26,80.1,dummy
2026-06-10,BRN Dec26,78.75,dummy
2026-06-11,BRN Dec26,79.43,dummy
2026-06-12,BRN Dec26,79.63,dummy
2026-06-15,BRN Dec26,80.66,dummy
2026-06-16,BRN Dec26,80.01,dummy
2026-06-17,BRN Dec26,80.25,dummy
2026-06-18,BRN Dec26,81.12,dummy
2026-06-19,BRN Dec26,80.65,dummy
2026-06-22,BRN Dec26,81.34,dummy
2026-06-23,BRN Dec26,80.25,dummy
2026-06-24,BRN Dec26,79.65,dummy
2026-06-25,BRN Dec26,79.02,dummy
2026-06-26,BRN Dec26,77.22,dummy
2026-06-29,BRN Dec26,77.88,dummy
2026-06-30,BRN Dec26,77.29,dummy
2026-07-01,BRN Dec26,77.31,dummy
2026-07-02,BRN Dec26,78.0,dummy
2026-07-03,BRN Dec26,78.7,dummy
2026-07-06,BRN Dec26,79.72,dummy
2026-07-07,BRN Dec26,79.57,dummy
2026-07-08,BRN Dec26,79.04,dummy
2026-07-09,BRN Dec26,78.92,dummy
2026-07-10,BRN Dec26,76.51,dummy
2026-07-13,BRN Dec26,74.52,dummy
2026-07-14,BRN Dec26,72.68,dummy
2026-07-15,BRN Dec26,71.34,dummy
2026-07-16,BRN Dec26,71.84,dummy
2026-07-17,BRN Dec26,70.74,dummy
2026-07-20,BRN Dec26,70.37,dummy
2026-07-21,BRN Dec26,71.92,dummy
2026-07-22,BRN Dec26,71.48,dummy
2026-07-23,BRN Dec26,72.36,dummy
2026-07-24,BRN Dec26,71.19,dummy
2026-07-27,BRN Dec26,70.92,dummy
2026-07-28,BRN Dec26,69.61,dummy
2026-07-29,BRN Dec26,69.25,dummy
2026-07-30,BRN Dec26,70.26,dummy
2026-07-31,BRN Dec26,68.09,dummy
