Date,Contract,SettlePrice
2026-07-06,BRN Dec26,71.98999786376953
2026-07-07,BRN Dec26,74.16000366210938
2026-07-08,BRN Dec26,78.0199966430664
2026-07-09,BRN Dec26,76.30000305175781
2026-07-10,BRN Dec26,76.01000213623047
2026-07-13,BRN Dec26,83.30000305175781
2026-07-14,BRN Dec26,84.7300033569336
2026-07-15,BRN Dec26,84.94999694824219
2026-07-16,BRN Dec26,84.2300033569336
2026-07-17,BRN Dec26,88.0999984741211
2026-07-20,BRN Dec26,89.22000122070312
2026-07-21,BRN Dec26,91.01000213623047
2026-07-22,BRN Dec26,94.06999969482422
2026-07-23,BRN Dec26,100.69000244140625
2026-07-24,BRN Dec26,96.77999877929688
2026-07-27,BRN Dec26,88.36000061035156
2026-07-28,BRN Dec26,84.08999633789062
2026-07-29,BRN Dec26,90.73999786376953
2026-07-30,BRN Dec26,89.02999877929688
2026-07-31,BRN Dec26,90.12000274658203
2026-08-03,BRN Dec26,83.7699966430664
2026-08-04,BRN Dec26,79.36000061035156
2026-08-05,BRN Dec26,79.44999694824219
2026-08-06,BRN Dec26,82.48999786376953
2026-08-07,BRN Dec26,83.55000305175781
2026-08-10,BRN Dec26,87.72000122070312
2026-08-11,BRN Dec26,88.91000366210938
2026-08-12,BRN Dec26,88.9800033569336
2026-08-13,BRN Dec26,87.06999969482422
2026-08-14,BRN Dec26,88.5199966430664
2026-08-17,BRN Dec26,90.87000274658203
2026-08-18,BRN Dec26,91.0199966430664
2026-08-19,BRN Dec26,91.62000274658203
2026-08-20,BRN Dec26,93.77999877929688
2026-08-21,BRN Dec26,94.38999938964844
2026-08-24,BRN Dec26,92.16999816894531
2026-08-25,BRN Dec26,88.58000183105469
2026-08-26,BRN Dec26,87.83999633789062
2026-08-27,BRN Dec26,89.69999694824219
2026-08-28,BRN Dec26,89.30999755859375
2026-08-31,BRN Dec26,90.48999786376953
2026-09-01,BRN Dec26,94.6500015258789
2026-09-02,BRN Dec26,95.62999725341797
2026-09-03,BRN Dec26,95.5199966430664
2026-09-04,BRN Dec26,96.27999877929688
2026-09-08,BRN Dec26,97.91999816894531
2026-09-09,BRN Dec26,101.20999908447266
2026-09-10,BRN Dec26,107.62999725341797
2026-09-11,BRN Dec26,104.61000061035156
2026-09-14,BRN Dec26,105.68000030517578
2026-09-15,BRN Dec26,108.75
2026-09-16,BRN Dec26,105.83000183105469
2026-09-17,BRN Dec26,104.81999969482422
2026-09-18,BRN Dec26,103.87000274658203
2026-09-21,BRN Dec26,100.33999633789062
2026-09-22,BRN Dec26,99.25
2026-09-23,BRN Dec26,103.08000183105469
2026-09-24,BRN Dec26,106.5999984741211
2026-09-25,BRN Dec26,104.31999969482422
2026-09-28,BRN Dec26,105.27999877929688
2026-09-29,BRN Dec26,102.58999633789062
2026-09-30,BRN Dec26,98.63999938964844
2026-07-06,BRN Oct26,71.98999786376953
2026-07-07,BRN Oct26,74.16000366210938
2026-07-08,BRN Oct26,78.0199966430664
2026-07-09,BRN Oct26,76.30000305175781
2026-07-10,BRN Oct26,76.01000213623047
2026-07-13,BRN Oct26,83.30000305175781
2026-07-14,BRN Oct26,84.7300033569336
2026-07-15,BRN Oct26,84.94999694824219
2026-07-16,BRN Oct26,84.2300033569336
2026-07-17,BRN Oct26,88.0999984741211
2026-07-20,BRN Oct26,89.22000122070312
2026-07-21,BRN Oct26,91.01000213623047
2026-07-22,BRN Oct26,94.06999969482422
2026-07-23,BRN Oct26,100.69000244140625
2026-07-24,BRN Oct26,96.77999877929688
2026-07-27,BRN Oct26,88.36000061035156
2026-07-28,BRN Oct26,84.08999633789062
2026-07-29,BRN Oct26,90.73999786376953
2026-07-30,BRN Oct26,89.02999877929688
2026-07-31,BRN Oct26,90.12000274658203
2026-08-03,BRN Oct26,83.7699966430664
2026-08-04,BRN Oct26,79.36000061035156
2026-08-05,BRN Oct26,79.44999694824219
2026-08-06,BRN Oct26,82.48999786376953
2026-08-07,BRN Oct26,83.55000305175781
2026-08-10,BRN Oct26,87.72000122070312
2026-08-11,BRN Oct26,88.91000366210938
2026-08-12,BRN Oct26,88.9800033569336
2026-08-13,BRN Oct26,87.06999969482422
2026-08-14,BRN Oct26,88.5199966430664
2026-08-17,BRN Oct26,90.87000274658203
2026-08-18,BRN Oct26,91.0199966430664
2026-08-19,BRN Oct26,91.62000274658203
2026-08-20,BRN Oct26,93.77999877929688
2026-08-21,BRN Oct26,94.38999938964844
2026-08-24,BRN Oct26,92.16999816894531
2026-08-25,BRN Oct26,88.58000183105469
2026-08-26,BRN Oct26,87.83999633789062
2026-08-27,BRN Oct26,89.69999694824219
2026-08-28,BRN Oct26,89.30999755859375
2026-08-31,BRN Oct26,90.48999786376953
2026-09-01,BRN Oct26,94.6500015258789
2026-09-02,BRN Oct26,95.62999725341797
2026-09-03,BRN Oct26,95.5199966430664
2026-09-04,BRN Oct26,96.27999877929688
2026-09-08,BRN Oct26,97.91999816894531
2026-09-09,BRN Oct26,101.20999908447266
2026-09-10,BRN Oct26,107.62999725341797
2026-09-11,BRN Oct26,104.61000061035156
2026-09-14,BRN Oct26,105.68000030517578
2026-09-15,BRN Oct26,108.75
2026-09-16,BRN Oct26,105.83000183105469
2026-09-17,BRN Oct26,104.81999969482422
2026-09-18,BRN Oct26,103.87000274658203
2026-09-21,BRN Oct26,100.33999633789062
2026-09-22,BRN Oct26,99.25
2026-09-23,BRN Oct26,103.08000183105469
2026-09-24,BRN Oct26,106.5999984741211
2026-09-25,BRN Oct26,104.31999969482422
2026-09-28,BRN Oct26,105.27999877929688
2026-09-29,BRN Oct26,102.58999633789062
2026-09-30,BRN Oct26,98.63999938964844
2026-07-06,BRN Sep26,71.98999786376953
2026-07-07,BRN Sep26,74.16000366210938
2026-07-08,BRN Sep26,78.0199966430664
2026-07-09,BRN Sep26,76.30000305175781
2026-07-10,BRN Sep26,76.01000213623047
2026-07-13,BRN Sep26,83.30000305175781
2026-07-14,BRN Sep26,84.7300033569336
2026-07-15,BRN Sep26,84.94999694824219
2026-07-16,BRN Sep26,84.2300033569336
2026-07-17,BRN Sep26,88.0999984741211
2026-07-20,BRN Sep26,89.22000122070312
2026-07-21,BRN Sep26,91.01000213623047
2026-07-22,BRN Sep26,94.06999969482422
2026-07-23,BRN Sep26,100.69000244140625
2026-07-24,BRN Sep26,96.77999877929688
2026-07-27,BRN Sep26,88.36000061035156
2026-07-28,BRN Sep26,84.08999633789062
2026-07-29,BRN Sep26,90.73999786376953
2026-07-30,BRN Sep26,89.02999877929688
2026-07-31,BRN Sep26,90.12000274658203
2026-08-03,BRN Sep26,83.7699966430664
2026-08-04,BRN Sep26,79.36000061035156
2026-08-05,BRN Sep26,79.44999694824219
2026-08-06,BRN Sep26,82.48999786376953
2026-08-07,BRN Sep26,83.55000305175781
2026-08-10,BRN Sep26,87.72000122070312
2026-08-11,BRN Sep26,88.91000366210938
2026-08-12,BRN Sep26,88.9800033569336
2026-08-13,BRN Sep26,87.06999969482422
2026-08-14,BRN Sep26,88.5199966430664
2026-08-17,BRN Sep26,90.87000274658203
2026-08-18,BRN Sep26,91.0199966430664
2026-08-19,BRN Sep26,91.62000274658203
2026-08-20,BRN Sep26,93.77999877929688
2026-08-21,BRN Sep26,94.38999938964844
2026-08-24,BRN Sep26,92.16999816894531
2026-08-25,BRN Sep26,88.58000183105469
2026-08-26,BRN Sep26,87.83999633789062
2026-08-27,BRN Sep26,89.69999694824219
2026-08-28,BRN Sep26,89.30999755859375
2026-08-31,BRN Sep26,90.48999786376953
2026-09-01,BRN Sep26,94.6500015258789
2026-09-02,BRN Sep26,95.62999725341797
2026-09-03,BRN Sep26,95.5199966430664
2026-09-04,BRN Sep26,96.27999877929688
2026-09-08,BRN Sep26,97.91999816894531
2026-09-09,BRN Sep26,101.20999908447266
2026-09-10,BRN Sep26,107.62999725341797
2026-09-11,BRN Sep26,104.61000061035156
2026-09-14,BRN Sep26,105.68000030517578
2026-09-15,BRN Sep26,108.75
2026-09-16,BRN Sep26,105.83000183105469
2026-09-17,BRN Sep26,104.81999969482422
2026-09-18,BRN Sep26,103.87000274658203
2026-09-21,BRN Sep26,100.33999633789062
2026-09-22,BRN Sep26,99.25
2026-09-23,BRN Sep26,103.08000183105469
2026-09-24,BRN Sep26,106.5999984741211
2026-09-25,BRN Sep26,104.31999969482422
2026-09-28,BRN Sep26,105.27999877929688
2026-09-29,BRN Sep26,102.58999633789062
2026-09-30,BRN Sep26,98.63999938964844
